Index,x,y,z
0,3.268002272,-0.142024219,-0.320139855
1,3.135512829,-0.10053283,-0.384090245
2,3.163381815,0.055291858,-0.373023659
3,3.300274372,0.017291896,-0.314827025


