Index,x,y,z
0,3.78736061,0.01902592,0.86244451
1,3.73950912,-0.12236547,0.8476557
2,3.608229,-0.065698,0.802331
3,3.65608049,0.07569339,0.81711981 


