Index,x,y,z
0,1.636126518,-6.798940182,0.100284249
1,1.637369752,-6.660692692,0.10336189
2,1.625009894,-6.650984287,-0.030498838
3,1.618899941,-6.794381619,-0.039914656
