Index,x,y,z,Magnitude
0,3.293085098,-0.193586245,-0.310556442,2
1,3.070613146,-0.106817991,-0.414436132,3
2,3.181483746,0.177249774,-0.372976661,5
3,3.374049187,0.111394867,-0.284774572,9
